来源,责任编辑,标题
 本文来源：轻松一刻工作室 。内部媒体 ,责任编辑：李海东_NX5066,"轻松一刻:你看的那些电影,很多源自这个真实的故事"
 本文来源：工人日报  ,责任编辑：曹义_NN5778,下半年将有这几件大事要发生 与你的生活朝夕相关
 本文来源：中安在线-安徽商报  ,责任编辑：李天奕_NN7528,老人捡千万元账单当废纸卖17元 面对警方坚决否认
 本文来源：大河网  ,责任编辑：杨强_NN6027,河南小哥点外卖送流浪汉 留言：告诉他放心吃
 本文来源：钱江晚报  ,责任编辑：杨强_NN6027,洋女婿来杭州看岳母一天晕厥两次 医生:天热紧张
 本文来源：每日经济新闻  ,责任编辑：李天奕_NN7528,"这款中国神器可""造""出大片土地 外国人轻易买不到"
 本文来源：看看新闻Knews  ,责任编辑：李天奕_NN7528,两男子禁渔期将25瓶农药投入河流 毒死上千斤鱼虾
 本文来源：北青网-北京青年报  ,责任编辑：曹义_NN5778,"""广场舞抢地盘""大妈:新场地太小 不够两百多人跳"
 本文来源：深圳大件事  ,责任编辑：徐萌_MN7485,男子花近百万元买豪车 才开了3天后轮着火了
 本文来源：澎湃新闻网  ,责任编辑：荀建国_NN7379,"浙江高速拍到""作死""货车司机:双手腾空玩手机"
 本文来源：央视新闻  ,责任编辑：王征_B7526,"19岁男子沉迷""蓝鲸""死亡游戏:一刀一刀在腿上刻字"
 本文来源：湖南电视台  ,责任编辑：王征_B7526,小伙凌晨拿砖头狂砸21台车 居民制止还受了伤
 本文来源：杭州交通918  ,责任编辑：王征_B7526,货车司机停车5分钟被罚5千 警察来调解后收了3200
 本文来源：重庆晨报上游新闻  ,责任编辑：荀建国_NN7379,19岁武警战士身中13弹 仍追击800米擒获歹徒
 本文来源：松桃公安  ,责任编辑：荀建国_NN7379,"""三脚踢断万年钟乳石""男子罚款后再遭追责:拘十日"
 本文来源：澎湃新闻网  ,责任编辑：张宁宁_NN3350,男子飞机降落时拒关手机并辱骂空乘被拘
 本文来源：网易航空  ,责任编辑：张宁宁_NN3350,石河子机场乘客隐匿携带打火机被查获
 本文来源：民航资源网  ,责任编辑：张宁宁_NN3350,美国航空一架波音737客机起飞中断滑出跑道
 本文来源：民航资源网  ,责任编辑：张宁宁_NN3350,捷星日本上海直飞东京航线成功首航
 本文来源：人民日报  ,责任编辑：张宁宁_NN3350,"机场打人女博士可能要上的""民航黑名单"" 有啥来头"
 本文来源：民航资源网  ,责任编辑：张宁宁_NN3350,"中国首架A380飞机完成首次最高级别""体检"""
 本文来源：王三三  ,责任编辑：张逸兰_NX3325,我想到了一些可以制服广场舞大妈的方法
 本文来源：长安街知事  ,责任编辑：王征_B7526,"""五假""副部卢恩光被查落马 他都向谁行过贿？"
 本文来源：观海解局  作者：李洪鹏 岳三猛,责任编辑：徐萌_MN7485,"""五假""副部卢恩光被立案侦查 又创造了个第一"
 本文来源：现代快报  作者：陶维洲,责任编辑：王征_B7526,"两伙人医院门口打群架 因开""黑救护车""被抢生意"
 本文来源：永州市人民政府门户网站  ,责任编辑：荀建国_NN7379,"湖南5千名广场舞大妈高考期息舞 获赞""深明大义"""
 本文来源：澎湃新闻网  ,责任编辑：杨强_NN6027,"""广场舞抢地盘""亲历者:视频我拍的 被打的是朋友"
 本文来源：澎湃新闻网  ,责任编辑：王征_B7526,奔驰车追尾客车起火 路过司机紧急救出驾驶员
 本文来源：武汉晚报  ,责任编辑：王征_B7526,武汉一餐馆服务员戴红领巾遭质疑:红领巾不得商用
 本文来源：半岛晨报  ,责任编辑：王征_B7526,夫妻白天在家睡觉床头手机被盗 监控拍下惊人一幕
 本文来源：中国之声  ,责任编辑：荀建国_NN7379,"专家:恢复高考40年最大社会意义是抵制""走后门"""
 本文来源：中国新闻网  ,责任编辑：王征_B7526,"""XX同学准考证掉了帮忙转发"" 高考骗局复苏别上当"
 本文来源：澎湃新闻网  ,责任编辑：杨强_NN6027,临汾16名艾滋高考生校长:不想他们复读 该进社会
 本文来源：长安街知事  ,责任编辑：王征_B7526,这位副部级官员毫无政治信仰 胆大到拉拢巡视干部
 本文来源：中央纪委监察部网站  ,责任编辑：荀建国_NN7379,甘肃省原副省长虞海燕严重违纪被开除党籍和公职
 本文来源：外交部网站  ,责任编辑：荀建国_NN7379,外交部驳斥美日防长涉南海言论:颠倒黑白别有用心
 本文来源：环球时报-环球网 。更多精彩，请登录环球网 http://www.huanqiu.com 作者：郭媛丹 王雯雯 白云怡,责任编辑：胡淑丽_MN7479,美日澳法香会谈规则 中国军方告诉他们这才是规则
 本文来源：民主与法制时报  ,责任编辑：荀建国_NN7379,官员涉嫌受贿落马 称愿做首个公开接受测谎的贪官
 本文来源：新华社  作者：王新明,责任编辑：王征_B7526,"贵州多名干部变着花样""偷吃""扶贫款被处分"
 本文来源：参考消息网  ,责任编辑：王征_B7526,"韩防长向美保证不撤""萨德"":有关措施是对内举措"
 本文来源：参考消息网  ,责任编辑：李天奕_NN7528,"文在寅曾质疑""萨德""入韩 如今为何成""挺萨德派""？"
 本文来源：央视新闻  作者：甘露,责任编辑：王征_B7526,荷兰飞抵香港航班疑途中遇气流 至少10人受伤
 本文来源：新华网  ,责任编辑：王征_B7526,菲律宾警方：袭击马尼拉酒店枪手原是赌徒
 本文来源：央视新闻  作者：李琳,责任编辑：王征_B7526,5名中国公民在菲律宾马尼拉枪击和火灾事件中遇难
 本文来源：外交部  ,责任编辑：王征_B7526,赞比亚警方近日抓捕31名中国公民 中方已提出交涉
 本文来源：澎湃新闻网  ,责任编辑：王征_B7526,意球迷观看欧冠误把烟火当炸弹 发生踩踏千人受伤
 本文来源：中国新闻网  ,责任编辑：杨强_NN6027,意大利球迷观看欧冠决赛发生踩踏事故 600人受伤
 本文来源：新华社  作者：梁相斌、汪涌、周宁、卢国强,责任编辑：曾自航_NN6325,"2022，我们来了！北京冬奥会筹办步入""关键之年"""
 本文来源：中国政府网  作者：储思琮,责任编辑：王征_B7526,"G7烽烟未散 李克强给欧盟吃""定心丸"""
 本文来源：人民网  作者：周翰博,责任编辑：胡淑丽_MN7479,筑牢合作基石深化友好交往 哈萨克斯坦各界期待习近平主席访问
 本文来源：新华社  作者：罗争光,责任编辑：胡淑丽_MN7479,以习近平为核心党中央全面深化改革落实工作纪实
 本文来源：轻松一刻工作室 。内部媒体 ,责任编辑：魏敏_NX3284,每日轻松一刻：什么是中国好前任？她来告诉你！
